{
  "molhiv": {
    "GIN": {
      "best_cfg": {
        "learning_rate": 0.001,
        "num_layers": 5,
        "batch_size": 32
      },
      "val_roc": 0.8276014109347442,
      "test_roc": 0.7436142065316054,
      "precision": 0.125,
      "recall": 0.5384615384615384,
      "f1": 0.2028985507246377,
      "time": 1366.7613854408264
    },
    "GAT": {
      "best_cfg": {
        "learning_rate": 0.0001,
        "num_layers": 5,
        "batch_size": 64
      },
      "val_roc": 0.8198914854007445,
      "test_roc": 0.7621139844338438,
      "precision": 0.09426751592356689,
      "recall": 0.5692307692307692,
      "f1": 0.16174863387978142,
      "time": 1492.5210156440735
    },
    "GraphSAGE": {
      "best_cfg": {
        "learning_rate": 0.0001,
        "num_layers": 5,
        "batch_size": 32
      },
      "val_roc": 0.8405778463648834,
      "test_roc": 0.7607910542884181,
      "precision": 0.1858108108108108,
      "recall": 0.4230769230769231,
      "f1": 0.25821596244131456,
      "time": 1126.6608581542969
    }
  }
}