{
  "amazon_accs": {
    "GAT": 0.9099,
    "SAGE": 0.908,
    "GIN": 0.8826
  },
  "amazon_accs_stds": {
    "GAT": 0.0025,
    "SAGE": 0.0022,
    "GIN": 0.0051
  },
  "amazon_f1": {
    "GAT": 0.902,
    "SAGE": 0.8948,
    "GIN": 0.8651
  },
  "amazon_time": {
    "GAT": 0.07490000000000001,
    "SAGE": 0.0897,
    "GIN": 0.0946
  },
  "amazon_rank": {
    "GAT": 1,
    "SAGE": 2,
    "GIN": 3
  },
  "airports_ord_kappas": {
    "GAT": 0.506867,
    "SAGE": 0.377325,
    "GIN": 0.575762
  },
  "airports_ord_kappas_stds": {
    "GAT": 0.0201,
    "SAGE": 0.015,
    "GIN": 0.016
  },
  "airports_rank": {
    "GIN": 1,
    "GAT": 2,
    "SAGE": 3
  },
  "airports_ord_times": {
    "GAT": 0.007184507846832275,
    "SAGE": 0.004247236251831055,
    "GIN": 0.004677141507466634
  },
  "molhiv_rocs": {
    "GIN": 0.7842,
    "GAT": 0.7761,
    "SAGE": 0.7785
  },
  "molhiv_rocs_stds": {
    "GIN": 0.0115,
    "GAT": 0.0135,
    "SAGE": 0.0102
  },
  "molhiv_rank": {
    "GIN": 1,
    "SAGE": 2,
    "GAT": 3
  },
  "molhiv_times": {
    "GIN": 11.821,
    "GAT": 20.764,
    "SAGE": 4.749
  },
  "rank_sum": {
    "GAT": 6,
    "SAGE": 7,
    "GIN": 5
  },
  "amazon_ranks_list": [
    1,
    2,
    3
  ],
  "airports_ranks_list": [
    2,
    3,
    1
  ],
  "molhiv_ranks_list": [
    3,
    2,
    1
  ]
}