{
  "airports": {
    "degree_heuristic": {
      "mse": 0.7134831547737122,
      "mae": 0.6123595237731934,
      "acc": 0.43820224719101125,
      "kappa": 0.6318121111436854,
      "f1": 0.4455699929197914
    },
    "GAT_ordinal": {
      "best_cfg": {
        "lr": 0.005,
        "dropout": 0.0,
        "embed_dim": 64
      },
      "mse": 1.00993812084198,
      "mae": 0.777076244354248,
      "acc": 0.4438202247191011,
      "kappa": 0.5068670792808724,
      "f1": 0.44880477650888323,
      "time": 2.1553523540496826
    },
    "GAT_cls": {
      "best_cfg": {
        "lr": 0.005,
        "dropout": 0.0,
        "embed_dim": 64
      },
      "mse": 1.3539326190948486,
      "mae": 0.7696629166603088,
      "acc": 0.47191011235955055,
      "kappa": 0.4487960321743376,
      "f1": 0.4678639820012972,
      "time": 2.8938679695129395
    },
    "GraphSAGE_ordinal": {
      "best_cfg": {
        "lr": 0.005,
        "dropout": 0.3,
        "embed_dim": 32
      },
      "mse": 1.0888365507125854,
      "mae": 0.8530071973800659,
      "acc": 0.34269662921348315,
      "kappa": 0.3773250059724924,
      "f1": 0.3303060167780562,
      "time": 1.2741708755493164
    },
    "GraphSAGE_cls": {
      "best_cfg": {
        "lr": 0.005,
        "dropout": 0.3,
        "embed_dim": 32
      },
      "mse": 1.4044944047927856,
      "mae": 0.8089887499809265,
      "acc": 0.43258426966292135,
      "kappa": 0.4533169533169533,
      "f1": 0.42733766233766235,
      "time": 1.475592851638794
    },
    "GIN_ordinal": {
      "best_cfg": {
        "lr": 0.005,
        "dropout": 0.0,
        "embed_dim": 64
      },
      "mse": 0.6442873477935791,
      "mae": 0.6409708261489868,
      "acc": 0.4550561797752809,
      "kappa": 0.575761952910588,
      "f1": 0.43052944862155385,
      "time": 1.4031424522399902
    },
    "GIN_cls": {
      "best_cfg": {
        "lr": 0.005,
        "dropout": 0.0,
        "embed_dim": 64
      },
      "mse": 1.084269642829895,
      "mae": 0.6797752976417542,
      "acc": 0.5,
      "kappa": 0.5807727039757888,
      "f1": 0.49501338834604525,
      "time": 1.5032751560211182
    }
  }
}