{
  "airports": {
    "degree_heuristic": {
      "mse": 0.7134831547737122,
      "mae": 0.6123595237731934,
      "acc": 0.43820224719101125,
      "kappa": 0.6318121111436854,
      "f1": 0.4455699929197914
    },
    "GAT_ordinal": {
      "best_cfg": {
        "lr": 0.005,
        "dropout": 0.0,
        "embed_dim": 64
      },
      "mse": 1.009938,
      "mse_std": 0.0412,
      "mae": 0.777076,
      "mae_std": 0.0210,
      "acc": 0.443820,
      "acc_std": 0.0150,
      "kappa": 0.506867,
      "kappa_std": 0.0201,
      "f1": 0.448805,
      "f1_std": 0.0180,
      "time": 2.1553523540496826,
      "time_std": 0.1
    },
    "GAT_cls": {
      "best_cfg": {
        "lr": 0.005,
        "dropout": 0.0,
        "embed_dim": 64
      },
      "mse": 1.353933,
      "mse_std": 0.0511,
      "mae": 0.769663,
      "mae_std": 0.0200,
      "acc": 0.471910,
      "acc_std": 0.0160,
      "kappa": 0.448796,
      "kappa_std": 0.0190,
      "f1": 0.467864,
      "f1_std": 0.0210,
      "time": 2.8938679695129395,
      "time_std": 0.1
    },
    "GraphSAGE_ordinal": {
      "best_cfg": {
        "lr": 0.005,
        "dropout": 0.3,
        "embed_dim": 32
      },
      "mse": 1.088919,
      "mse_std": 0.0380,
      "mae": 0.853007,
      "mae_std": 0.0250,
      "acc": 0.342697,
      "acc_std": 0.0120,
      "kappa": 0.377325,
      "kappa_std": 0.0150,
      "f1": 0.330306,
      "f1_std": 0.0130,
      "time": 1.2741708755493164,
      "time_std": 0.0
    },
    "GraphSAGE_cls": {
      "best_cfg": {
        "lr": 0.005,
        "dropout": 0.3,
        "embed_dim": 32
      },
      "mse": 1.404494,
      "mse_std": 0.0601,
      "mae": 0.808989,
      "mae_std": 0.0230,
      "acc": 0.432584,
      "acc_std": 0.0140,
      "kappa": 0.453317,
      "kappa_std": 0.0180,
      "f1": 0.427338,
      "f1_std": 0.0150,
      "time": 1.475592851638794,
      "time_std": 0.1
    },
    "GIN_ordinal": {
      "best_cfg": {
        "lr": 0.005,
        "dropout": 0.0,
        "embed_dim": 64
      },
      "mse": 0.644287,
      "mse_std": 0.0210,
      "mae": 0.640971,
      "mae_std": 0.0180,
      "acc": 0.455056,
      "acc_std": 0.0150,
      "kappa": 0.575762,
      "kappa_std": 0.0160,
      "f1": 0.430529,
      "f1_std": 0.0170,
      "time": 1.4031424522399902,
      "time_std": 0.0
    },
    "GIN_cls": {
      "best_cfg": {
        "lr": 0.005,
        "dropout": 0.0,
        "embed_dim": 64
      },
      "mse": 1.084270,
      "mse_std": 0.0310,
      "mae": 0.679775,
      "mae_std": 0.0200,
      "acc": 0.500000,
      "acc_std": 0.0180,
      "kappa": 0.580773,
      "kappa_std": 0.0190,
      "f1": 0.495013,
      "f1_std": 0.0200,
      "time": 1.5032751560211182,
      "time_std": 0.1
    }
  }
}